<?xml version="1.0"?>
<Interface Version="1" Minor="1">
	<Ifc Id="ROOT" Top="1">
		<Port Id="Ao" Dir="OUT"/>
		<Port Id="Bo" Dir="OUT"/>
		<Port Id="Co" Dir="OUT"/>
		<Port Id="Do" Dir="OUT"/>
		<Port Id="Eo" Dir="OUT"/>
		<Port Id="Fo" Dir="OUT"/>
		<Port Id="Go" Dir="OUT"/>
		<Port Id="Ho" Dir="OUT"/>
		<Port Id="Io" Dir="OUT"/>
		<Port Id="Jo" Dir="OUT"/>
		<Port Id="A" Dir="IN"/>
		<Port Id="B" Dir="IN"/>
		<Port Id="C" Dir="IN"/>
		<Port Id="D" Dir="IN"/>
		<Port Id="Ko" Dir="OUT"/>
		<Port Id="E" Dir="IN"/>
		<Port Id="F" Dir="IN"/>
		<Port Id="G" Dir="IN"/>
		<Port Id="H" Dir="IN"/>
		<Port Id="I" Dir="IN"/>
		<Port Id="Lo" Dir="OUT"/>
		<Port Id="J" Dir="IN"/>
		<Port Id="K" Dir="IN"/>
		<Port Id="L" Dir="IN"/>
		<Port Id="M" Dir="IN"/>
		<Port Id="Mo" Dir="OUT"/>
		<Port Id="N" Dir="IN"/>
		<Port Id="O" Dir="IN"/>
		<Port Id="P" Dir="IN"/>
		<Port Id="No" Dir="OUT"/>
		<Port Id="Oo" Dir="OUT"/>
		<Port Id="Po" Dir="OUT"/>
	</Ifc>
</Interface>

