<?xml version="1.0" encoding="UTF-8" ?>
<?xml-stylesheet type="text/xsl" href="impact.xsl" ?>
<document>
<!--The data in this file is primarily intended for consumption by Xilinx tools.
The structure and the elements are likely to change over the next few releases.
This means code written to parse this file will need to be revisited each subsequent release.-->
<application name="impact" timeStamp="Mon Dec  4 18:29:08 2023">
<section name="iMPACT Project Info" visible="true">
<property name="Use Project File" value="No"/>
<property name="Project Entry" value="ise"/>
<property name="OS Name" value="Ubuntu"/>
<property name="OS Release" value="Ubuntu 22.04.3 LTS"/>
<property name="User Lic. Info" value="212619868_0_0_230"/>
</section>
</application>
</document>
